index, x, y, z, r, theta, equdelta, wascorrected, original x, original y, original z
0, 0.18918918918919325, -0.5905816059933005, 0.009107750932759826, 321.44420249409853, -0.5276679787985376, 0, False, 277.72253142227135, -161.85354755912064, 2.3985938887540783
1, 0.11969111969112345, -0.379692909929799, 0.027404493535845634, 300.3170268106218, -0.4628218198336029, 0, False, 268.72253142227135, -134.0839949374202, 7.2171770182083606
2, 0.24942084942086695, -0.4389835549871267, 0.030542885966552927, 258.94956053734535, -0.5861658023623214, 4.263256414560601E-14, True, 215.72253142227135, -143.2433745038542, 7.853107065903146
3, 0.37915057915061046, -0.49827420004445455, 0.03368127839726022, 347.0009389464826, -0.11465771800768194, 2.5295321393059567E-12, True, 344.7225314222732, -39.69921862657251, 37.918629147177114
4, 0.5088803088803542, -0.5575648451017821, 0.03681967082796751, 409.75387021941634, -1.3997585408154058, 3.836930773104541E-13, True, 69.74219183094965, -403.77501264739664, 33.43792839324328
5, 0.6386100386100977, -0.6168554901591099, 0.039958063258674806, 377.7419972223576, -0.42765709431986854, 2.842170943040401E-14, True, 343.7225314222713, -156.6647307411637, 15.067340628283773
6, 0.7683397683398412, -0.6761461352164377, 0.0430964556893821, 392.91718925766304, -0.45627051178658595, 8.185452315956354E-12, False, 352.72253142228, -173.12057486388176, 11.349771859888733
7, 0.9305019305019377, -0.3448289833466166, 0, 395.5211858127907, -0.3335493234616765, 5.684341886080802E-14, False, 373.7225314222714, -129.49315786590992, 0
8, 0.8455598455598525, -0.3126136060333471, 0.01007658645236165, 366.6956481080642, -0.38594592190145155, 8.526512829121202E-14, True, 339.7225314222714, -138.0373137431943, 7.10773992488555
9, 0.7606177606177671, -0.2803982287200777, 0.0201531729047233, 332.87466669232174, -0.8022813313863935, 1.7053025658242404E-13, True, 231.3706522605931, -239.31812509300667, 5.720435401532484
10, 0.6756756756756819, -0.24818285140680818, 0.03022975935708495, 383.25485377619924, -0.24593742486815087, 0, True, 371.72253142227135, -93.30939168183633, 10.325986358622743
11, 0.5907335907335962, -0.21596747409353867, 0.0403063458094466, 314.97815019709435, -0.8163560381570459, 9.094947017729282E-13, True, 215.7225314222704, -229.51040180861276, 10.298837917862386
12, 0.505791505791511, -0.18375209678026927, 0.05038293226180825, 357.06028152495213, -0.21652966767499934, 0, True, 348.72253142227135, -76.71141193538969, 37.01391326109268
13, 0.4208494208494258, -0.15153671946699976, 0.0604595187141699, 330.40826890205636, -0.14950519654504724, 1.4210854715202004E-13, True, 326.72253142227146, -49.21393725233143, 34.51713906754418
14, 0.33590733590734034, -0.11932134215373025, 0.07053610516653155, 379.17484175341207, -0.11379345901024475, 9.663381206337363E-12, True, 376.72253142226214, -43.05455768589226, 28.204790434458744
15, 0.2509652509652551, -0.08710596484046085, 0.0806126916188932, 287.35485347183993, -0.15916825074333735, 1.7459456103097182E-10, True, 283.7225314221719, -45.54488969376546, 45.49383378870101
16, 0.1660231660231699, -0.05489058752719145, 0.09068927807125485, 289.5009441202079, -0.3208994134066361, 0, False, 274.72253142227135, -91.31444231571969, 23.883695301197292
17, 0.17374517374517495, 0.0815822104750441, 0.10253105658082559, 285.31077617902787, -0.2599855933382284, 4.689582056016661E-13, False, 275.722531422271, -73.34387956724208, 27.002315669138
18, 0.03474903474903823, 0.27782212917103255, 0.1650370990623528, 262.06385258372603, -0.1822735967980695, 2.842170943040401E-14, False, 257.72253142227135, -47.50325913367672, 43.463746445326706
19, 0.15830115829960834, 0.34563059883512715, 0.045841754291799895, 276.4272108663634, -0.1400029700441449, 4.0465408801537706E-10, False, 273.7225314220701, -38.57432694488339, 12.072766647425055
20, 0.5135135135135187, 0.5231276446083266, 0.08941310147688582, 320.08372360679226, -0.04751089618276928, 1.4210854715202004E-14, False, 319.72253142227135, -15.20174394351168, 23.547604711673785
21, 0.5135135135135354, 0.5768270430441205, 0.1517023456981761, 319.825897940465, -0.02542493347742408, 9.336531547887716E-12, False, 319.7225314222735, -8.130676131667405, 39.951940054979445
22, 0.40540540540541103, 0.7175248912665131, 0.1464419809491933, 305.899244749169, 0.03399236304023299, 2.5579538487363607E-13, False, 305.72253142227146, 10.396235802935657, 38.56658390803614
23, 0.2123552123553627, 0.860605117671505, 0.06261044195785409, 282.2409137788799, 0.10377445923279194, 3.007016857736744E-11, False, 280.7225314222903, 29.236856236578188, 16.48892515408238
24, 0.08108108108118905, 1, 0.07198053250611744, 267.9824446355731, 0.1785415041846012, 1.567457275086781E-11, False, 263.7225314222849, 47.59219529586705, 18.956608130051336
25, -0.0888030888030813, 0.7899671626202536, 0.08612499059728448, 242.54319207065979, 0.08228577980146681, 4.831690603168681E-13, False, 241.7225314222719, 19.935341046335928, 22.681656277248635
26, -0.2509652509652478, 0.780846401366184, 0.1709368483672288, 221.51616426901938, 0.0846743462284621, 2.2737367544323206E-13, False, 220.72253142227143, 18.734330919559937, 45.01748926639533
27, -0.3204633204633205, 0.6587988271267609, 0.17472893431221725, 211.73928138688711, 0.012578362029280057, 2.7000623958883807E-13, False, 211.72253142227106, 2.663263107693848, 46.0161632793795
28, -0.12741312741285493, 0.5586781194669921, 0.18164664593823152, 236.95619398525184, -0.044413114317720485, 2.2168933355715126E-10, False, 236.72253142230625, -10.520503076922575, 47.837994042300124
29, -0.09652509652509134, 0.5031360489973482, 0.04799408206468601, 241.3822616450128, -0.0739510724801103, 2.2737367544323206E-13, False, 240.72253142227163, -17.834211575364513, 12.63959816057843
30, 0.08880308880308974, 0.34172170114981526, 0.1308976950356348, 267.59292241442154, -0.146601088184911, 6.963318810448982E-13, False, 264.722531422271, -39.08904557130243, 34.472880701550935
31, -0.2818532818532782, 0.13829629217252948, 0.08269647400775251, 226.51331573036964, -0.29508948956700365, 2.7000623958883807E-13, False, 216.72253142227152, -65.87584213570754, 21.778730955744322
32, -0.3667953667953593, -0.04189928432755452, 0.05049362818360604, 224.38938141781912, -0.41077792435139837, 1.7195134205394424E-12, False, 205.72253142227206, -89.60376419706817, 13.297872205374233
33, -0.3477661334804115, -0.07611716703014193, 0.06184604844807964, 246.33638849609622, -0.308290524695747, 4.263256414560601E-14, True, 234.7225314222714, -74.74589982079597, 48.614861363005616
34, -0.32873690016546375, -0.11033504973272912, 0.07319846871255321, 185.48022733006533, 0.4283499095976847, 0, True, 168.72253142227137, 77.04298878466076, 38.76956672409074
35, -0.3097076668505163, -0.14455293243531653, 0.08455088897702681, 170.9914421421733, 0.3965470376754633, 2.1316282072803006E-14, True, 157.72253142227137, 66.0429887846607, 51.38597497217262
36, -0.29067843353556855, -0.17877081513790394, 0.0959033092415004, 149.72016193876365, -0.20044313339937794, 0, True, 146.72253142227137, -29.809824957724995, 43.12179984484101
37, -0.2716492002206208, -0.21298869784049124, 0.10725572950597399, 141.0668483323581, -0.42145877002400994, 0, True, 128.72253142227137, -57.70931989433663, 14.288720206341964
38, -0.2526199669056731, -0.24720658054307854, 0.11860814977044759, 271.9197641098347, -0.695725851243209, 2.842170943040401E-14, True, 208.72253142227137, -174.28500506419678, 15.874774483423948
39, -0.23359073359072535, -0.28142446324566595, 0.12996057003492117, 130.25006715014396, 0.2644375203290777, 1.7337242752546445E-12, True, 125.72253142227194, 34.042988784665404, 10.820614442560895
40, -0.21456150027577758, -0.31564234594825324, 0.14131299029939476, 122.96297715220369, 0.23008514408465613, 7.105427357601002E-15, True, 119.72253142227139, 28.042988784660732, 18.893266107333773
41, -0.19553226696082993, -0.34986022865084054, 0.15266541056386837, 269.83025607111847, -1.1069383326078093, 2.842170943040401E-14, True, 120.72253142227135, -241.31812509300678, 22.73064805547824
42, -0.17650303364588238, -0.38407811135342784, 0.16401783082834195, 129.02017372742176, 0.06793867032837361, 7.105427357601002E-14, True, 128.72253142227146, 8.758717537198802, 37.51787704955308
43, -0.1574738003309346, -0.41829599405601525, 0.17537025109281554, 224.35735498866862, -0.3991324048436735, 1.4210854715202004E-14, True, 206.72253142227137, -87.18955063469183, 8.91974734054827
44, -0.13844456701598695, -0.45251387675860255, 0.18672267135728915, 266.7108053738023, -1.2633146408855607, 0, True, 80.72253142227137, -254.20174394351167, 40.67108646019642
45, -0.11941533370103918, -0.48673175946119007, 0.19807509162176273, 223.18722667695317, -0.6116595510320649, 1.4210854715202004E-14, True, 182.72253142227137, -128.160113383169, 64.86310076795803
46, -0.10038610038609164, -0.5209496421637774, 0.2094275118862363, 235.7743140189823, -0.6567928706243045, 7.44648787076585E-12, True, 186.72253142226523, -143.9591032563861, 59.995017340940365
47, -0.08135686707114387, -0.5551675248663646, 0.2207799321507099, 238.26943272433212, -0.5919978141074359, 1.1368683772161603E-13, True, 197.7225314222713, -132.95910325639224, 90.81585792483395
48, -0.06232763375619621, -0.5893854075689519, 0.23213235241518348, 294.1276380792881, 0, 148.58285198394765, True, 294.1276380792881, 0, 65.56938187789916
49, -0.04329840044124844, -0.6236032902715394, 0.24348477267965704, 247.22955239345617, -0.46730901615501835, 2.842170943040401E-14, True, 220.7225314222714, -111.37331681876547, 65.99900673122568
50, -0.024269167126300673, -0.6578211729741266, 0.2548371929441307, 270.2442275161219, -1.325136081718803, 7.105427357601002E-14, True, 65.72253142227143, -262.1306761316462, 79.92093687266566
51, -0.005239933811353126, -0.6920390556767141, 0.2661896132086043, 272.9678783644624, -0.8175015566522648, 1.0530243343964685E-11, True, 186.7225314222614, -199.11343218893734, 82.80764669445097
52, 0.013789299503594643, -0.7262569383793014, 0.2775420334730779, 280.1472493282665, -0.41184390622981076, 1.1112888387287967E-11, True, 256.7225314222536, -112.14286944047736, 88.74161427725574
53, 0.03281853281854241, -0.7604748210818887, 0.2888944537375515, 377.23052324761454, 0, 175.70154516460235, True, 377.23052324761454, 0, 119.22761072189121
54, 0.05184776613349018, -0.794692703784476, 0.30024687400202504, 258.04016925131583, -0.7447694706487606, 1.4210854715202004E-14, True, 189.7225314222714, -174.90022875334654, 101.87496689472238
55, 0.07087699944843795, -0.8289105864870632, 0.3115992942664986, 299.20422587283485, -1.4908150260931885, 62.92398649775967, True, 23.905237125823398, -298.2477299462991, 92.37268837749855
56, 0.08990623276338505, -0.8631284691896507, 0.3229517145309722, 290.38589658688494, -0.6525505342074827, 6.394884621840902E-12, True, 230.7225314222591, -176.3266356245525, 90.51743202101773
57, 0.10893546607833282, -0.8973463518922382, 0.3343041347954458, 405.00630206453155, -1.0600437252697468, 2.842170943040401E-14, True, 197.98082531585973, -353.3181250930068, 68.27874361375848
58, 0.1279646993932806, -0.9315642345948254, 0.3456565550599194, 428.92937374315784, -0.893746922924765, 5.684341886080801E-13, True, 268.72253142227214, -334.3181250930071, 65.19118347903031
59, 0.14699393270822836, -0.9657821172974127, 0.35700897532439296, 337.6903187633023, -0.6154820642633864, 5.684341886080802E-14, True, 275.7225314222713, -194.9662459313287, 82.87146127526381
60, 0.16602316602317613, -1, 0.36836139558886655, 349.32378426447787, -0.6657707426756744, 8.526512829121202E-13, False, 274.72253142227214, -215.76523580455256, 97.01071085884934
61, 0.15057915057915539, -0.8863099272655862, 0.43699688937766257, 338.668096922441, -0.6346493167755896, 1.1368683772161603E-13, False, 272.72253142227146, -200.79467305607503, 115.08637818537545
62, 0.21937521937522408, -0.8342737802576679, 0.4221583792603693, 377.6046100128237, -0.5459059353600328, 1.1368683772161603E-13, True, 322.72253142227146, -196.04950705201404, 101.54723896999639
63, 0.28817128817129345, -0.7822376332497493, 0.4073198691430761, 372.86362235701773, -1.0179436371209172, 6.252776074688882E-13, True, 195.7970591317855, -317.31812509300636, 111.22632114979467
64, 0.35696735696736215, -0.7302014862418309, 0.3924813590257829, 370.75900032312484, -0.591724613403386, 5.9117155615240335E-12, True, 307.7225314222772, -206.80686636489727, 103.95452929546241
65, 0.42576342576343107, -0.6781653392339124, 0.3776428489084896, 324.9969024526785, -0.4494336595749208, 2.842170943040401E-14, True, 292.7225314222713, -141.19669330962824, 130.1961039736059
66, 0.49455949455949977, -0.626129192225994, 0.3628043387911964, 276.4063087654211, -1.5697430503856062, 70.30204855222678, True, 0.29113219057172823, -276.40615544407274, 125.67824968256821
67, 0.5633555633555691, -0.5740930452180755, 0.3479658286739032, 303.1138054100967, -0.43626884942876853, 2.842170943040401E-14, True, 274.7225314222714, -128.08399493742016, 99.405412312326
68, 0.6321516321516378, -0.522056898210157, 0.33312731855661, 325.5564116580796, -0.3931192560295383, 3.581703822419513E-10, True, 300.72253142195575, -124.71141193513853, 107.110882637565
69, 0.7009477009477068, -0.47002075120223874, 0.3182888084393167, 341.7202853508924, -0.29736788376513523, 0, True, 326.72253142227135, -100.12562549776285, 90.89489123285836
70, 0.7697437697437755, -0.41798460419432015, 0.30345029832202347, 395.3464594937879, -0.18331251692755474, 2.842170943040401E-14, True, 388.72253142227135, -72.06675099471704, 71.55137595690093
71, 0.8385398385398448, -0.3659484571864018, 0.28861178820473027, 364.6684363915855, -0.36440738292425556, 6.821210263296962E-13, True, 340.722531422272, -129.96624593132904, 88.02542005226405
72, 0.9073359073359135, -0.3139123101784833, 0.273773278087437, 391.3641475373821, -0.32622998868012165, 2.842170943040401E-14, False, 370.7225314222713, -125.42209005404449, 72.10022722104821
73, 1, -0.44831888253820795, 0.24140339330552454, 408.6074338624275, -0.35785320702240647, 7.958078640513122E-13, False, 382.72253142227044, -143.12057486387937, 63.575377519867175
74, 0.9691119691119761, -0.30685777456691465, 0.3536535809268709, 398.65938112920367, -0.31759160236603495, 0, False, 378.72253142227135, -124.49315786590992, 93.13729857236507
75, 0.9613899613899679, -0.2929722569484732, 0.39463529010977627, 397.14096604587513, -0.3140041821962102, 2.842170943040401E-14, False, 377.7225314222713, -122.66473074116374, 103.9301362248795
76, 0.760617760617768, -0.17896603167438552, 0.48299741168616117, 367.8285034166235, -0.2970183940829458, 1.7053025658242404E-13, False, 351.7225314222715, -107.652537432344, 127.2009575698192
77, 0.7374517374517435, 0.056008355550376754, 0.39765714526911133, 357.06028152495213, -0.21652966767499934, 0, False, 348.72253142227135, -76.71141193538969, 104.72596423679954
78, 0.7142857142857215, -0.031213647840591108, 0.49900037999383423, 356.79507485919163, -0.24978068257662658, 1.7053025658242404E-13, False, 345.7225314222715, -88.19669330962837, 131.4154581933094
79, 0.5907335907335967, -0.13124175656125447, 0.4017483641384098, 344.9528563685766, -0.2982639152256078, 2.842170943040401E-14, False, 329.7225314222714, -101.36826618488207, 105.80341712828755
80, 0.3127413127413172, -0.14687734728252488, 0.48394097297710237, 311.40022301852576, -0.33856694506231494, 2.842170943040401E-14, False, 293.72253142227135, -103.42714068792773, 127.44945144748726
81, 0.36679536679547287, -0.07223789561666683, 0.4144172190633212, 314.9519964783713, -0.3017421132495578, 1.6143530956469476E-11, False, 300.7225314222845, -93.59871356319557, 109.1398542162961
82, 0.25868725868726217, -0.017459084891861654, 0.35329529267411125, 299.4532791358252, -0.29263627461891684, 1.1368683772161603E-13, False, 286.72253142227123, -86.38551012758518, 93.04294069852483
83, 0.050193050193054534, -0.11510481543034423, 0.2480382623847151, 278.03784043058795, -0.3649921590215233, 1.5631940186722204E-13, False, 259.72253142227146, -99.24337450385445, 65.32271959625041
84, 0.28185328185328573, -0.16651443461909554, 0.332250965157191, 308.50913427556264, -0.3507793292104174, 5.684341886080802E-14, False, 289.7225314222713, -106.01292712555465, 87.50076066443285
85, 0.4980694980695519, 0.14278325173189366, 0.2807326433855418, 324.3605075523428, -0.20265732046835397, 8.185452315956354E-12, False, 317.72253142227765, -65.28500506420474, 73.9330277880465
86, 0.7760617760618043, 0.2443378799507332, 0.2715580027589672, 357.51157855395746, -0.14572003327382685, 3.296918293926865E-12, False, 353.7225314222742, -51.91242206216884, 71.51681800136225
87, 0.868725868725863, 0.045492029467885775, 0.31034552898125545, 373.9678924834392, -0.21037972286246254, 1.5916157281026244E-12, False, 365.72253142226975, -78.09618824623927, 81.73180126600425
88, 0.7528957528958384, 0.2108152749956722, 0.2027673872606377, 355.2168125638678, -0.15924189038253514, 1.1937117960769683E-11, False, 350.72253142228163, -56.32663562454839, 53.400298219905494
89, 0.7915057915057977, 0.42062455877049687, 0.2268812000682936, 356.87836094563716, -0.08050429750662975, 2.842170943040401E-14, False, 355.72253142227135, -28.699218626570005, 59.75085001496615
90, 0.7065637065637125, 0.5196658541373989, 0.29752489602028903, 345.07793863739033, -0.04538964665978469, 0, False, 344.72253142227135, -15.657588066227378, 78.35539230432278
91, 0.49806949806950374, 0.5508986798452091, 0.20591346170723654, 317.93221203807474, -0.036320410233433895, 8.526512829121202E-14, False, 317.7225314222714, -11.544889694019366, 54.22884030421244
92, 0.41312741312741874, 0.7251191330224538, 0.16679769601904593, 306.9341712363783, 0.03713778697970236, 2.7000623958883807E-13, False, 306.72253142227146, 11.39623580293567, 43.92741273704462
93, 0.30501930501942676, 0.7906378234349587, 0.3315417469097915, 293.40659003124995, 0.06829849531323273, 3.106492840743158E-11, False, 292.7225314222865, 20.02365280098616, 87.31398276870817
94, 0.3590733590733637, 0.9511963125978311, 0.22119297100278884, 302.5363085297305, 0.13649233657209164, 0, False, 299.72253142227135, 41.16578842463547, 58.252812620764075
95, 0.09652509652403496, 0.7789111303857779, 0.20073819066215157, 266.36432852748834, 0.06943254481929693, 3.743849674719968E-10, False, 265.7225314221334, 18.47949692261847, 52.86589421653048
96, 0.17374517374495246, 0.5970964354652342, 0.2397879940717248, 275.7766192420147, -0.01980583298587356, 2.589644054751261E-10, False, 275.7225314222422, -5.4616285726719935, 63.14995012745209
97, 0.15830115830078162, 0.44228951601666866, 0.3219050392037143, 274.94010412017764, -0.09414641889361955, 1.2705925200862112E-10, False, 273.72253142222206, -25.846404883943876, 84.77608418297007
98, 0.05791505791506091, 0.236165576315708, 0.32652559373260287, 266.0526711318573, -0.2005063911770645, 2.842170943040401E-14, False, 260.7225314222713, -52.988540507915275, 85.99294155395756
99, 0.12741312741313027, 0.2937738724319834, 0.3404936693765929, 273.5171914779858, -0.16676791718549264, 1.9895196601282805E-13, False, 269.72253142227123, -45.40275407028801, 89.67153807297512
100, 0.28185328185350356, 0.24160099349370934, 0.378086960465141, 294.40039412773314, -0.17850331305327194, 4.5005776883044746E-11, False, 289.7225314222995, -52.272811755436514, 99.57201064066544
101, 0.2200772200751524, 0.44934405163608204, 0.5140673876004894, 282.82232082407575, -0.08821729898803361, 6.79222011967795E-10, False, 281.72253142200304, -24.917472694776325, 135.38346661096858
102, 0.4517374517374566, 0.5697725074327127, 0.5397126542359502, 311.8541535705702, -0.029054873911040262, 1.4210854715202004E-14, False, 311.72253142227135, -9.059608319780784, 142.13733815196883
103, 0.33590733590735233, 0.735095752960671, 0.387463223455283, 296.9946183650471, 0.04280827421471033, 4.789058039023075E-12, False, 296.7225314222729, 12.709944301932712, 102.04131917507118
104, 0.27413127413047045, 0.8783995329668783, 0.4801888921743634, 290.4444812288576, 0.10894529439731052, 1.4566126083082054E-10, False, 288.7225314221667, 31.580001986639942, 126.46131308599672
105, 0.019305019305016158, 0.7888877503314575, 0.3862284824125371, 256.4873955147022, 0.07724708580075236, 2.5579538487363607E-12, False, 255.72253142227046, 19.793205422598167, 101.71614094597936
106, -0.17374517374507592, 0.6742108642467648, 0.4384981733339273, 230.77024925794117, 0.020336346855962514, 1.6139267700054916E-10, False, 230.72253142228365, 4.692700359668102, 115.48175247144962
107, -0.21235521235520882, 0.8832568882690304, 0.4232877887451651, 228.01044846243562, 0.1417821578918164, 1.7053025658242404E-13, False, 225.72253142227146, 32.219612293798335, 111.47598466010379
108, -0.3127413127413109, 0.6556531891955102, 0.3751120755445571, 212.73442034272804, 0.010572296855325647, 7.105427357601002E-14, False, 212.7225314222713, 2.249049545320726, 98.78855259016109
109, -0.2513884201123401, 0.568642845151125, 0.5102214477790019, 220.8597777348713, -0.0417053337556698, 0.16754167205337467, False, 220.66773101772299, -9.208360798025783, 134.37060977941485
110, -0.21315268165801626, 0.7290889981332189, 0.38424407938569033, 225.93386696801466, 0.05277879801660433, 0.19248035453556156, False, 225.6192591475579, 11.918982541628822, 101.1935336625611
111, -0.21803486370508907, 0.5462980336811301, 0.3799307982501818, 212.74982610474913, -0.016018581582480852, 2.842170943040401E-14, True, 212.72253142227135, -3.407804704171637, 104.39694612211167
112, -0.22291704575216198, 0.3635070692290412, 0.3756175171146733, 254.92476723933677, -0.34709226850452923, 0, True, 239.72253142227137, -86.71646256927306, 141.78690719498917
113, -0.22779922779923467, 0.18071610477695232, 0.37130423597916473, 231.70382362418152, -0.2632325537479478, 2.3447910280083306E-12, False, 223.72253142227012, -60.29005569807655, 97.78572974417682
114, -0.4054054054054035, -0.10135025248161411, 0.34575299520049035, 223.1200719933882, -0.4519054830738878, 1.4210854715202004E-14, False, 200.72253142227135, -97.43219132181117, 91.05662061127686
115, -0.3513513513513491, -0.048190560190031206, 0.2476819839166774, 226.55381543408438, -0.4106051854161885, 0, False, 207.72253142227137, -90.43219132181115, 65.2288910141516
116, -0.4594594594594802, 0.38248403958632604, 0.25629378830761085, 196.63560113408423, -0.17234432227192908, 1.6058265828178264E-12, False, 193.72253142226845, -33.721513203159745, 67.49687369568716
117, -0.49034749034750325, 0.3950665913113365, 0.21875435435162366, 192.41304862999536, -0.1674260339073751, 1.0800249583553523E-12, False, 189.72253142226947, -32.06465895366629, 57.610584804074506
118, -0.5984555984555986, 0.48206504109762416, 0.3372004179668516, 176.92690948012233, -0.11674710995216862, 9.947598300641403E-14, False, 175.72253142227117, -20.608814830948532, 88.8042358417378
119, -0.7143765115479153, 0.6176282459661397, 0.3458336444117031, 160.73443726615628, -0.0171597421360976, 0.12454401633339529, False, 160.71077317681622, -2.7580261379924425, 91.07786018036211
120, -0.8378378378378372, 0.6762387341511156, 0.20643667138614466, 144.80749289926658, 0.034257190585321874, 1.7053025658242404E-13, False, 144.7225314222714, 4.959727663975941, 54.36663146117655
121, -0.7992277992278012, 0.44571295075105044, 0.2424455189864397, 151.86103349324537, -0.1680187015286433, 7.744915819785092E-13, False, 149.72253142227103, -25.39561139535053, 63.849829062076765
122, -0.9459459459459456, 0.37660151519850693, 0.36218219677473157, 135.1974935869069, -0.25800647583134456, 1.4210854715202004E-13, False, 130.7225314222714, -34.49611645874055, 95.38337293289999
123, -0.9276939276939274, 0.33499402653812527, 0.36317532951942494, 135.91473467631133, -0.2490150258343583, 1.0749090506578796E-10, True, 131.72253142230065, -33.49611645897358, 102.95186791134637
124, -0.9094419094419095, 0.2933865378777436, 0.36416846226411836, 128.1664900448877, 0.26410442590636746, 3.8475889141409425E-12, True, 123.72253142227264, 33.457202347044166, 118.46958990045977
125, -0.8911898911898913, 0.25177904921736216, 0.36516159500881173, 163.2856499747735, -0.4255495312940212, 1.4210854715202004E-14, True, 148.7225314222714, -67.40780470417167, 96.07826461871622
126, -0.8729378729378734, 0.2101715605569805, 0.36615472775350516, 171.5522177169423, -0.3401594141818118, 4.263256414560601E-14, True, 161.72253142227135, -57.23623182891779, 131.89512387262585
127, -0.8546858546858551, 0.16856407189659905, 0.36714786049819853, 190.66606830132886, -0.22821281580388966, 2.842170943040401E-14, True, 185.7225314222714, -43.13572676552952, 98.88797001895301
128, -0.8364338364338372, 0.1269565832362174, 0.36814099324289196, 210.16492482181164, 0.4768237849830354, 7.105427357601002E-15, True, 186.72253142227137, 96.4572023470338, 128.164490294664
129, -0.818181818181819, 0.08534909457583595, 0.3691341259875853, 248.9318672811183, -0.43525084713743817, 4.263256414560601E-14, True, 225.72253142227135, -104.9591032563923, 89.96912261170206
130, -0.7999297999298011, 0.043741605915454285, 0.37012725873227875, 223.1200719933882, -0.4519054830738878, 1.4210854715202004E-14, True, 200.72253142227135, -97.43219132181117, 90.51640975478131
131, -0.7816777816777829, 0.0021341172550728427, 0.3711203914769721, 225.92852035756383, -1.2894793134801503, 7.105427357601002E-15, True, 62.72253142227138, -217.04741501096095, 88.14375913534559
132, -0.7634257634257647, -0.03947337140530882, 0.37211352422166555, 214.0700299948881, -0.39333808031431977, 7.389644451905042E-13, True, 197.72253142227163, -82.04741501096237, 96.42948869655021
133, -0.7451737451737468, -0.08108086006569037, 0.3731066569663589, 183.14476588575047, -0.5438356471243229, 2.1316282072803006E-13, False, 156.72253142227106, -94.76314376349917, 98.26041070512576
134, -1, -0.11689324426790293, 0.2509994208774825, 158.75550654574758, -0.6772044567185181, 2.1316282072803006E-14, False, 123.72253142227139, -99.47887251603714, 66.10256268998683
135, -0.9586321014892443, -0.1352791445692012, 0.2677478206055448, 136.86335611115362, -0.5058569043926316, 2.1316282072803006E-14, True, 119.72253142227139, -66.31812509300677, 84.07105402355592
136, -0.9172642029784884, -0.15366504487049937, 0.2844962203336071, 106.47515717285525, 0.152944077686881, 0.6886370078871735, True, 105.23225519810619, 16.221330429557288, 61.78570181032421
137, -0.8758963044677326, -0.17205094517179764, 0.3012446200616694, 167.45484750174475, -0.8720047014119212, 2.1316282072803006E-14, True, 107.72253142227136, -128.20679457739496, 89.4834862676322
138, -0.834528405956977, -0.1904368454730958, 0.31799301978973166, 190.6178177764581, -1.0325138453547906, 3.076650045841234E-12, True, 97.72253142226792, -163.66263870011034, 60.661212083638475
139, -0.7931605074462211, -0.20882274577439408, 0.33474141951779396, 103.74377061826918, -0.020235336437779715, 7.105427357601002E-15, True, 103.72253142227139, -2.0991468390702392, 101.67905065655265
140, -0.7517926089354653, -0.22720864607569224, 0.35148981924585626, 231.33438898219313, -0.9597486107508705, 6.934897101018578E-12, True, 132.72253142226197, -189.4738218821569, 116.26536578524065
141, -0.7104247104247097, -0.24559454637699052, 0.3682382189739185, -121.49902597626817, 39996.596359053, 250.52479585945414, True, 67.64881506929412, 100.92398690550395, 120.75864017386783
142, -0.6690568119139538, -0.2639804466782888, 0.38498661870198075, 100.72407544210031, 0.005537010468403458, 1.1837641977763269E-11, True, 100.72253142227072, 0.5577074103889369, 138.66085746335943
143, -0.627688913403198, -0.28236634697958685, 0.40173501843004306, -127.4990113181201, 39996.51763185153, 248.52479585945514, True, 79.09885750167486, 99.99684309530902, 156.0489545654994
144, -0.5863210148924421, -0.3007522472808851, 0.4184834181581054, 297.35643866107205, -1.2110176656321527, 1.4210854715202004E-13, True, 104.68941139346131, -278.3181250930067, 168.88017543905323
145, -0.5449531163816863, -0.3191381475821834, 0.43523181788616766, 380.75642210846127, 0, 147.45495166746102, True, 380.75642210846127, 0, 163.73056750002928
146, -0.5035852178709307, -0.33752404788348156, 0.45198021761422996, 226.81283498732128, -0.5029756942927668, 1.4210854715202004E-14, True, 198.72253142227135, -109.33168625842283, 158.81911308128656
147, -0.46221731936017485, -0.35590994818477983, 0.4687286173422922, 346.0632955126798, -0.9591238161981661, 4.376943252282217E-12, True, 198.7225314222765, -283.31812509301045, 146.65684179304526
148, -0.420849420849419, -0.3742958484860781, 0.4854770170703545, 271.9831691362432, -0.7515334459298748, 4.263256414560601E-14, True, 198.7225314222714, -185.69921862656997, 151.9587678157879
149, -0.3794815223386634, -0.3926817487873763, 0.5022254167984168, 360.6187696967474, -1.1119518309405474, 9.947598300641403E-14, True, 159.72253142227152, -323.31812509300687, 178.09032924425816
150, -0.33811362382790755, -0.41106764908867455, 0.518973816526479, 241.573878906558, -1.3038566738486173, 3.552713678800501E-15, True, 63.72253142227136, -233.0179777594381, 205.1922051903968
151, -0.2967457253171517, -0.4294535493899728, 0.5357222162545414, 278.8727245785854, -0.7673341024967384, 1.4210854715202004E-14, True, 200.72253142227135, -193.5987135631816, 184.3362186003585
152, -0.2553778268063961, -0.4478394496912709, 0.5524706159826036, 266.5923558591984, -1.5477328388672056, 65.79766451230478, True, 6.14800450146888, -266.5214555025681, 164.77469861839774
153, -0.21400992829564025, -0.46622534999256926, 0.5692190157106659, 533.6706505075199, -1.5036613369783454, 2.842170943040401E-14, True, 35.80106633399594, -532.4684468233477, 144.87513172551508
154, -0.1726420297848844, -0.4846112502938673, 0.5859674154387282, 145.51286044162072, -1.5488927179581364, 229.7726980780747, True, 3.1870019246008794, -145.47795562433222, 147.44786573497623
155, -0.1312741312741288, -0.5029971505951656, 0.6027158151667904, 328.529935725308, -0.683542414825951, 4.888534022029489E-11, True, 254.72253142222698, -207.48096455705908, 182.9963239004436
156, -0.08990623276337273, -0.5213830508964638, 0.6194642148948527, 353.3202090366109, -0.6934355722229422, 2.6943780540023E-11, True, 271.7225314222969, -225.83630361643202, 166.5787130535341
157, -0.04853833425261711, -0.539768951197762, 0.6362126146229151, 322.88076028531174, -0.5229815577096913, 2.5295321393059567E-12, True, 279.72253142226907, -161.26776112149213, 178.48567255781535
158, -0.007170435741861603, -0.5581548514990602, 0.6529610143509774, 388.68450560587917, -1.1663011278451614, 1.7053025658242404E-13, True, 152.96863200703982, -357.31812509300664, 200.1258688531513
159, 0.03419746276889435, -0.5765407518003585, 0.6697094140790397, 343.2469439460421, -0.5267253279606408, 7.389644451905042E-13, True, 296.72253142227066, -172.55203236895525, 206.69851794167454
160, 0.07556536127965008, -0.5949266521016567, 0.6864578138071019, 340.56658308546594, -1.1991643023884195, 8.526512829121202E-14, True, 123.67216745075837, -317.31812509300687, 185.22020965515844
161, 0.11693325979040559, -0.613312552402955, 0.7032062135351642, 280.7905887027244, -0.42576437404218004, 1.4551915228366852E-11, True, 255.7225314222479, -115.9712965652276, 185.83267018517216
162, 0.15830115830116176, -0.6316984527042533, 0.7199546132632265, 320.78423919951774, -0.5485304654936539, 2.842170943040401E-14, False, 273.7225314222713, -167.26776112149378, 189.60539745789941
163, 0.16602316602317035, -0.5381851734507851, 0.6825233431320676, 315.4096189008829, -0.5135573159995627, 5.684341886080802E-14, False, 274.7225314222714, -154.954052622509, 179.74759431333155
164, 0.22007722007720498, -0.3991064436616585, 0.5721338267899474, 313.11047308125256, -0.45158988865516836, 2.8990143619012088E-12, False, 281.72253142226884, -136.6403441235221, 150.67569486905296
165, 0.3312741312741203, -0.45514350955886085, 0.5702015341498439, 324.0754283363446, -0.4576734938416132, 8.526512829121202E-14, True, 290.7225314222713, -143.19669330962816, 146.74496978669197
166, 0.44247104247103564, -0.5111805754560635, 0.5682692415097402, 360.4186376469143, -1.0709179517674128, 6.536993168992922E-13, True, 172.75542857144293, -316.3181250930063, 145.31286597872418
167, 0.5536679536679514, -0.567217641353266, 0.5663369488696366, 379.67572409660227, -1.0659902898124844, 2.842170943040401E-14, True, 183.62548625653233, -332.31812509300676, 151.55859320850897
168, 0.664864864864867, -0.6232547072504686, 0.564404656229533, 391.51677948523263, -0.540421174685382, 4.547473508864641E-13, True, 335.7225314222709, -201.43428336286402, 142.1122553420425
169, 0.7760617760617823, -0.6792917731476711, 0.5624723635894294, 393.99740104463126, -0.45609598555148617, 2.842170943040401E-14, False, 353.72253142227135, -173.5347884262526, 148.13127673989334
170, 0.8146718146718135, -0.7379794815526859, 0.6614748151058581, 401.917932871024, -0.4678790922129072, 8.810729923425242E-13, False, 358.7225314222704, -181.26271048761018, 174.20430804390384
171, 0.48262548262550564, -0.69937596769364, 0.7719206762837834, 361.55209199632895, -0.5089796506623266, 2.3590018827235326E-12, False, 315.7225314222737, -176.1794493669263, 203.29104631939578
172, 0.6602316602316656, -0.5032286479326205, 0.7007086825322918, 370.5919362079803, -0.41775009134781016, 5.684341886080802E-14, False, 338.7225314222713, -150.35102224217897, 184.53683858146383
173, 0.6602316602316656, -0.40656973074790237, 0.7853628687909621, 365.61328066208415, -0.38592592943312476, 2.842170943040401E-14, False, 338.7225314222713, -137.62310018082118, 206.83114760644366
174, 0.5984555984556035, -0.2740058304259879, 0.7097733067791985, 351.87719763987195, -0.34851598859699745, 2.842170943040401E-14, False, 330.7225314222713, -120.16725605810544, 186.92407473701974
175, 0.45173745173744395, -0.4182964237888468, 0.7658885554382094, 341.37730117137244, -0.41989443269573595, 1.7621459846850485E-12, False, 311.7225314222697, -139.16725605810433, 201.70244246941814
176, 0.08108108081180321, -0.4069242392561252, 0.7940195402662417, 297.493768461977, -0.48111203700574495, 1.887968892333447E-08, False, 263.7225313873994, -137.66978140583558, 209.1109463680536
177, 0.2972972972973016, -0.17280571048159687, 0.6960548948863701, 310.67203014989354, -0.35107134343523566, 2.842170943040401E-14, False, 291.72253142227135, -106.84135425030087, 183.31122902214702
178, 0.31274131274218275, -0.01799879103728108, 0.6116956603037724, 306.18240533087004, -0.2862632477961727, 1.4443912732531317E-10, False, 293.72253142238344, -86.45657793958854, 161.0945977128764
179, 0.5289575289575341, -0.3745736452910241, 0.584205392686859, 348.28664598908455, -0.3930918341874831, 0, False, 321.72253142227135, -133.4098967452247, 153.85483145302305
180, 0.7451737451737521, -0.16193487612469415, 0.6403109167805321, 365.2630494811111, -0.2927499447656924, 1.4210854715202004E-13, False, 349.72253142227146, -105.40989674522481, 168.6306381488755
181, 0.78378378378379, -0.03804462984746371, 0.5567423891263412, 365.74062538721853, -0.24608094162509594, 2.842170943040401E-14, False, 354.72253142227135, -89.09618824623995, 146.6222453850234
182, 0.8841698841699197, 0.14659955047727546, 0.5608450489650719, 373.38536366307915, -0.17438278767461352, 3.865352482534945E-12, False, 367.7225314222751, -64.78247974725699, 147.70271134083038
183, 0.8069498069498193, 0.26397496728731684, 0.590841421542201, 361.1073614165109, -0.13702666221995122, 9.379164112033322E-13, False, 357.72253142227214, -49.326635624540216, 155.60247896507417
184, 0.6293436293436345, 0.27188536158293997, 0.6437355035560816, 338.18724806796445, -0.1432655334717154, 2.842170943040401E-14, False, 334.7225314222713, -48.28500506419687, 169.53252852466466
185, 0.814671814671821, 0.35748824654079026, 0.7513437114720378, 360.62696976849094, -0.10281599033420595, 2.842170943040401E-14, False, 358.72253142227135, -37.01292712555478, 197.87194972673075
186, 0.6988416988417048, 0.4798519733198843, 0.724886272902218, 344.3573698489355, -0.060730751159849196, 8.526512829121202E-14, False, 343.72253142227135, -20.90022875334685, 190.90418667148583
187, 0.5135135135135187, 0.5016478852339448, 0.722003184031753, 320.23051723378256, -0.05633351595860516, 1.4210854715202004E-14, False, 319.72253142227135, -18.03017106825786, 190.14490379292596
188, 0.335907335907347, 0.5632576779654475, 0.7585174441595215, 296.88822293637446, -0.033410951671781396, 3.964828465541359E-12, False, 296.7225314222722, -9.917472696058924, 199.76120553870754
189, 0.2664092664092754, 0.44926501349143977, 0.7327576164599903, 289.780433230407, -0.11924773641216765, 1.4210854715202004E-14, True, 287.72253142227135, -34.47382188215379, 218.91145806396005
190, 0.1969111969112045, 0.3352723490174323, 0.7069977887604589, 345.6030161625394, -0.12919958799506465, 0, True, 342.72253142227135, -44.527645751316136, 182.7139549428614
191, 0.12741312741313293, 0.2212796845434244, 0.6812379610609276, 280.48115385876343, -0.21997240794306278, 3.126388037344441E-13, True, 273.7225314222711, -61.20174394351132, 188.92697790215607
192, 0.05791505791506135, 0.1072870200694167, 0.6554781333613964, 269.9453917363211, -0.2621525999852071, 0, False, 260.72253142227135, -69.95910325639237, 172.6250373445556
193, -0.11196911196910875, 0.26241009205445764, 0.5847913568486034, 243.80716769579539, -0.2045876362376412, 1.4210854715202004E-14, False, 238.72253142227137, -49.53269638519946, 154.00914946937695
194, -0.09652509652509322, 0.4744963698315059, 0.5931509358829036, 242.26564851912298, -0.3716897645552308, 1.8474111129762605E-13, True, 225.72253142227126, -87.98854050791498, 166.31719413465726
195, -0.08108108108107803, 0.6865826476085541, 0.6015105149172039, 245.7376090094356, 0.011077642091523282, 1.6525234514119802E-09, True, 245.72253142218705, 2.7221376061004303, 174.99079185833529
196, -0.06563706563706251, 0.8986689253856024, 0.6098700939515039, 247.10749640689258, 0.1390474284169808, 2.842170943040401E-14, False, 244.72253142227135, 34.24904954532071, 160.61382124803964
197, 0.08880308880310261, 0.8572359261350209, 0.5370973863503486, 266.2838097239951, 0.10834158980144717, 2.4300561562995426E-12, False, 264.72253142227265, 28.79320542261132, 141.4485879199774
198, -0.06563706563706206, 0.8127498878880766, 0.5000900611043024, 245.794929269577, 0.09344682128894417, 8.526512829121202E-14, False, 244.7225314222714, 22.935341046336177, 131.70243381128097
199, -0.20512042497197402, 0.7050246414519055, 0.5251256864912679, 226.82827521235717, 0.03858597728415229, 0.16047703154181647, False, 226.65943638840037, 8.750218963291362, 138.29575179918464
200, -0.33600172406740103, 0.6632054678919042, 0.6911951150376872, 209.73538994172034, 0.0154654548566263, 0.08953010298230879, False, 209.71030815554263, 3.243523903539092, 182.0313698854843
201, -0.41312741312721335, 0.6321072044017353, 0.8026295471876673, 199.72434637314404, -0.004263166125199344, 1.0390891702627414E-08, False, 199.72253142229698, -0.8514554886883487, 211.37845567263707
202, -0.3899613899613983, 0.4830518544513829, 0.8173810648637365, 203.75428576052425, -0.10067768155418008, 9.379164112033322E-13, False, 202.72253142227, -20.478872516037775, 215.2633774726391
203, -0.22779922779922457, 0.43847321726950406, 0.7513860647084313, 225.268810954231, -0.11723497718713075, 2.1316282072803006E-13, False, 223.72253142227143, -26.34893020112639, 197.88310376626612
204, -0.22007722007721708, 0.18831034653286483, 0.8695583331907888, 232.4124067977336, -0.2579584691406678, 1.4210854715202004E-14, False, 224.7225314222714, -59.29005569808022, 229.00464882108886
205, -0.3127413127413149, 0.2260580017078866, 0.7242551787498199, 219.5483607067034, -0.2500110907836891, 1.2079226507921703E-12, False, 212.72253142227078, -54.3194929496011, 190.73798333672778
206, -0.41312741312741086, 0.1595524979422196, 0.6441293893411367, 209.446362701918, -0.3059088255831119, 2.842170943040401E-14, False, 199.7225314222714, -63.07685226248377, 169.63626127316377
207, -0.38996138996138674, 0.010497148214979157, 0.5577947012844775, 218.94387614217385, -0.3873562600252132, 4.263256414560601E-13, False, 202.72253142227152, -82.70426926045414, 146.8993796117059
208, -0.4877734877734853, 0.05034189534415523, 0.561960769042758, 228.19977435506203, -0.5485173874193873, 2.842170943040401E-14, True, 194.72253142227135, -118.98854050791518, 160.67798692964033
209, -0.5855855855855838, 0.0901866424733313, 0.5661268368010386, 178.6063123066567, -0.29822528046621444, 1.9895196601282805E-13, True, 170.72253142227146, -52.47887251603751, 176.82360378756175
210, -0.6833976833976823, 0.13003138960250737, 0.5702929045593192, 177.8136953791853, -0.3861203929384459, 0, False, 164.72253142227137, -66.96415389027568, 150.1908743195391
211, -0.8841698841698836, 0.43735544924603253, 0.5682834188146596, 141.23025494418042, -0.18872771266569363, 2.1316282072803006E-14, False, 138.7225314222714, -26.496116458740218, 149.6616613159926
212, -0.8681318681318676, 0.37051364606843995, 0.5881324381261037, 168.76281046961572, -0.11108998020276895, 7.105427357601002E-14, True, 167.72253142227137, -18.70931989433687, 164.39814142113698
213, -0.8520938520938516, 0.30367184289084714, 0.6079814574375478, 256.12489354628127, -0.9703064460954884, 6.110667527536862E-13, True, 144.72253142227052, -211.31812509300718, 166.96687735117177
214, -0.8360558360558353, 0.23683003971325434, 0.6278304767489921, 143.8376672085428, -0.5487032012692497, 4.973799150320701E-14, True, 122.72253142227142, -75.02302839332143, 169.17206608680658
215, -0.8200178200178194, 0.16998823653566175, 0.6476794960604363, 160.8980547947103, -0.5897118095946534, 5.684341886080802E-14, True, 133.72253142227143, -89.47887251603717, 199.6187578055621
216, -0.8039798039798034, 0.10314643335806895, 0.6675285153718804, 133.94653080187788, 0.28020282098231886, 9.734435479913373E-13, True, 128.72253142227171, 37.04298878466333, 203.4716591108313
217, -0.7879417879417874, 0.03630463018047614, 0.6873775346833245, 205.9575841558446, -0.7498172063836919, 1.4210854715202004E-14, True, 150.72253142227137, -140.36112350994566, 212.7011228353412
218, -0.7719037719037711, -0.030537172997116557, 0.7072265539947687, 186.0667315333386, -0.5985227773799532, 1.4210854715202004E-14, True, 153.72253142227137, -104.83421157536455, 212.98994549299488
219, -0.7558657558657551, -0.09737897617470925, 0.727075573306213, 213.89399164003572, -0.5466576133107401, 4.263256414560601E-14, True, 182.72253142227143, -111.18955063469188, 201.39332475501988
220, -0.7398277398277391, -0.16422077935230206, 0.7469245926176571, 363.0261305261657, -0.9548803394291591, 2.5579538487363607E-13, True, 209.72253142227171, -296.318125093007, 189.00800580978898
221, -0.7237897237897231, -0.23106258252989464, 0.7667736119291013, 245.38516697067274, -0.5536872049686502, 0, True, 208.72253142227137, -129.03017106825786, 206.22312654320604
222, -0.7077517077517068, -0.29790438570748734, 0.7866226312405453, 253.48200824880226, -0.4809791754557879, 0, True, 224.72253142227137, -117.2728117553771, 260.71949899963255
223, -0.6917136917136908, -0.36474618888508004, 0.8064716505519895, 215.25857316760926, -0.6700134805363325, 2.7000623958883807E-13, True, 168.72253142227115, -133.67483200893025, 219.093465070967
224, -0.6756756756756748, -0.43158799206267284, 0.8263206698634338, 217.53549487853152, -0.7046808262086113, 4.263256414560601E-14, False, 165.72253142227135, -140.91747269604966, 217.61768888041183
225, -0.7683397683397676, -0.4690194946980033, 0.8927664863782574, 211.90042587147536, -0.7591126859692352, 1.4210854715202004E-14, False, 153.72253142227137, -145.84640488418427, 235.11668842512563
226, -0.6615186615186606, -0.4704696239721383, 0.898888478533911, 218.55654269368085, -0.6595180576996458, 0, True, 172.72253142227137, -133.91747269604974, 218.73184509623653
227, -0.5546975546975532, -0.4719197532462731, 0.9050104706895646, 356.37313240303376, -1.0454600739599031, 1.0901146652031457E-10, True, 178.72253142214447, -308.3181250929157, 217.29890706291627
228, -0.4478764478764461, -0.4733698825204081, 0.9111324628452182, 257.7156332537, -0.7023413183523378, 0, True, 196.72253142227137, -166.4860151909735, 216.385808229082
229, -0.3410553410553391, -0.4748200117945429, 0.9172544550008719, 195.3598103277123, -2.5404791431002005, 197.49099345245364, True, -161.11447963899514, -110.4879176287414, 204.18056237235004
230, -0.23423423423423195, -0.47627014106867804, 0.9233764471565254, 1.4440637909531233, -0.828295312732517, 328.6945567542155, True, 0.976378780410916, -1.0639570994665144, 213.22044022129984
231, -0.12741312741312494, -0.47772027034281306, 0.929498439312179, 297.28190154091226, -1.2022322547200275, 2.842170943040401E-14, True, 107.10362495583446, -277.31812509300687, 241.58631376381572
232, -0.02059202059201759, -0.47917039961694785, 0.9356204314678326, 360.73008079923557, -0.9639314921450463, 7.815970093361102E-13, True, 205.7225314222723, -296.3181250930074, 242.10797904086732
233, 0.08622908622908954, -0.48062052889108287, 0.9417424236234861, 383.74170930341484, -0.8344245264311092, 2.2737367544323206E-13, True, 257.72253142227163, -284.3181250930069, 231.16898966177175
234, 0.19305019305019622, -0.48207065816521766, 0.9478644157791398, 338.167131103234, -0.5914563191227034, 2.842170943040401E-14, True, 280.7225314222714, -188.55203236895565, 259.84130324966
235, 0.2998712998713038, -0.4835207874393527, 0.9539864079347934, 278.3265717535888, -0.16110248482239412, 5.684341886080802E-14, True, 274.7225314222713, -44.64539475740759, 247.93279376135953
236, 0.4066924066924107, -0.4849709167134876, 0.960108400090447, 321.220269166041, -0.47456631644573233, 5.115907697472721E-13, True, 285.7225314222709, -146.78247974725483, 228.45451361951558
237, 0.5135135135135178, -0.4864210459876226, 0.9662303922461005, 352.37382204107763, -0.43388569938497257, 1.4210854715202004E-13, False, 319.72253142227123, -148.13781880658243, 254.46395395308383
238, 0.4826254826254881, -0.7745551255039691, 0.8553444005616376, 366.47795344441386, -0.5325703146500099, 1.1368683772161603E-13, False, 315.7225314222714, -186.07894430353696, 225.26130403804117
239, 0.4517374517374564, -0.5793946190967194, 0.857464876484963, 350.5607342297763, -0.4751782197525393, 5.684341886080802E-14, False, 311.7225314222713, -160.38045949370184, 225.81974712991843
240, 0.459459459459465, -0.5825402570279701, 0.8744678784113168, 351.6394581703873, -0.47492462593887413, 5.684341886080802E-14, False, 312.7225314222714, -160.79467305607494, 230.29761403823846
241, 0.5984555984556039, -0.3384451085491338, 0.9464953335480065, 354.86457723776255, -0.3709916676648458, 2.842170943040401E-14, False, 330.72253142227135, -128.65253743234402, 249.2665795917378
242, 0.7297297297297354, -0.3489614346316291, 0.8860208527869032, 371.2420528769045, -0.3578661365208219, 8.526512829121202E-14, False, 347.7225314222713, -130.03731374319418, 233.34017569136188
243, 0.7992277992284236, -0.08729542445900318, 0.8490602465996654, 369.3058106220207, -0.2617940401222079, 8.108713700494263E-11, False, 356.7225314223514, -95.58146962051467, 223.60632539397665
244, 0.6959459459464918, 0.0031069414642723725, 0.8598024239966816, 359.686945848339, -0.12847565656016854, 6.252776074688882E-13, True, 356.72253142227186, -46.0839949374207, 217.91383901634094
245, 0.5926640926645603, 0.0935093073875477, 0.8705446013936978, 326.0656124584499, -0.26454230461572836, 0, True, 314.72253142227135, -85.255567812674, 247.21072284847506
246, 0.4893822393826286, 0.18391167331082348, 0.8812867787907139, 316.67918884393504, -0.31879893562812306, 2.6204816094832495E-11, True, 300.72253142229306, -99.25556781269573, 253.68365799262062
247, 0.38610038610069686, 0.274314039234099, 0.8920289561877301, 278.93796263484626, -0.15198435069068045, 3.654321290014195E-10, True, 275.7225314220784, -42.2311811944667, 228.53865444638893
248, 0.28281853281876534, 0.3647164051573746, 0.9027711335847463, 280.79313086789523, -0.22488756194331103, 2.984279490192421E-13, True, 273.7225314222712, -62.615957505884346, 256.31594733318036
249, 0.1795366795368336, 0.45511877108065013, 0.9135133109817624, 259.2811638279405, -0.3125139699262198, 1.1368683772161603E-12, True, 246.72253142226978, -79.7164625692737, 253.6283926556768
250, 0.07625482625490188, 0.5455211370039255, 0.9242554883787786, 267.1945941290059, -0.05945179497717843, 2.781206376312184E-10, True, 266.7225314221986, -15.875842135096176, 261.75939130088454
251, -0.027027027027029638, 0.6359235029272012, 0.9349976657757948, 249.72277519728127, -0.001397270689319675, 1.516866632300662E-10, False, 249.72253142227058, -0.34893020069882763, 246.23858334360204
252, -0.12741312741312405, 0.5908977585326876, 0.854953213484313, 236.8057609923094, -0.02651370454388677, 1.4210854715202004E-14, False, 236.7225314222714, -6.277862389260433, 225.1582820142773
253, -0.35135135135134965, 0.4995433038567143, 0.9164961132240785, 208.52771345941977, -0.08790629763115086, 3.836930773104541E-13, False, 207.7225314222713, -18.307299640782453, 241.36606199221262
254, -0.5135135135135138, 0.5119023019770139, 0.831726332342601, 187.46605619609932, -0.0890932996131538, 1.7053025658242404E-13, False, 186.72253142227112, -16.679882642813936, 219.04131026432123
255, -0.49034749034748926, 0.2984076741266328, 0.9150258921364443, 194.93848835789723, -0.23184959992263768, 9.947598300641403E-14, False, 189.7225314222713, -44.79258101502215, 240.97886834342358
256, -0.6911196911196903, 0.17613654628252196, 0.9153118595081555, 174.6798077267928, -0.35607518950834605, 2.842170943040401E-14, False, 163.72253142227135, -60.8930860784102, 241.05417997581603
257, -0.5341055341055326, 0.07995560261885393, 0.9331249561829884, 192.76303369490367, -0.2711038822826294, 4.263256414560601E-14, True, 185.72253142227137, -51.62100813976796, 252.4797897669029
258, -0.37709137709137475, -0.016225341044814323, 0.9509380528578211, 235.66696051942165, -0.5267391179569229, 1.4210854715202004E-14, True, 203.72253142227135, -118.47382188215377, 236.3468574901986
259, -0.22007722007721708, -0.11240628470848224, 0.968751149532654, 245.51794167211438, -0.41454460897483836, 2.842170943040401E-14, False, 224.7225314222714, -98.88803544452689, 255.1278141164982
260, -0.22007722007721753, -0.06944676595971822, 1.0092836472325855, 243.29461415299576, -0.39326132369976535, 2.842170943040401E-14, False, 224.72253142227135, -93.23118119503448, 265.8023485868358
261, -0.1737451737451703, -0.24941878885508617, 1.1411748798773125, 258.6608460859729, -0.46907103031606195, 4.263256414560601E-14, False, 230.72253142227143, -116.92966600486949, 300.53688480081894
262, -0.40540540540540326, -0.07987049310723227, 1.0253022138959609, 221.89954218253493, -0.4404383305419479, 1.4210854715202004E-14, False, 200.72253142227137, -94.60376419706499, 270.0209571532132
263, -0.6370656370656353, -0.02846087391847918, 1.1194975454973735, 191.99226926700553, -0.47516848409905066, 5.684341886080802E-14, False, 170.72253142227143, -87.83421157536456, 294.8279977054134
264, -0.7220077220077212, -0.1442171722953961, 1.0225004598402725, 190.09504074614986, -0.5730990104565769, 1.4210854715202004E-14, False, 159.72253142227135, -103.07685226248383, 269.2830944025319
265, -0.6690568119139538, -0.2547748355178394, 1.0282668249136928, 208.86168593150964, -0.5885280148278764, 0, True, 173.72253142227137, -115.94690994757258, 268.1047877313599
266, -0.6161059018201864, -0.3653324987402826, 1.0340331899871131, 164.47011304121756, 0.3802465608418519, 0, True, 152.72253142227137, 61.04298878466071, 281.126174043985
267, -0.5631549917264189, -0.47589016196272604, 1.0397995550605335, 222.84816134886324, -0.7716908952062048, 1.4210854715202004E-14, True, 159.72253142227137, -155.40275407028832, 264.4487300876494
268, -0.5102040816326514, -0.5864478251851692, 1.0455659201339538, 244.815491195158, -0.6578638530586991, 5.6701310313655995E-12, True, 193.72253142226668, -149.68702531774548, 264.6184409421177
269, -0.457253171538884, -0.6970054884076125, 1.0513322852073743, -361.0533857840571, 0.4356662187582239, 1.6484591469634324E-12, True, -327.3270602968558, -152.36975744402073, 284.1864761014781
270, -0.4043022614451165, -0.8075631516300558, 1.0570986502807944, 265.5202761007869, -0.6724102320349326, 0, True, 207.72253142227137, -165.38551012758515, 271.3410686863126
271, -0.3513513513513491, -0.9181208148524991, 1.062865015354215, 291.83365327085534, -0.7787614748285648, 0, False, 207.72253142227137, -204.98348987403182, 279.91340005019407
272, -0.11196911196910875, -0.6397398016695834, 1.0410095476454688, 292.0998173045198, -0.6141500418811172, 0, False, 238.72253142227137, -168.32663562453948, 274.15760021892055
273, 0.17374517374517806, -0.5520706910692266, 1.1213517669318542, 317.1808006320747, -0.5170294297716884, 2.842170943040401E-14, False, 275.7225314222714, -156.7824797472552, 295.3163206990896
274, 0.15057915057915494, -0.4244951007163743, 1.022431891038874, 306.5500882118369, -0.47421644007682806, 5.684341886080802E-14, False, 272.7225314222714, -139.98348987403187, 269.265036299142
275, 0.25096525096525046, -0.3794693563250998, 1.0699423902436058, 315.60733419664365, -0.4386869180878912, 7.105427357601002E-13, False, 285.7225314222707, -134.05455768589678, 281.7772793199987
276, 0.3552123552123563, -0.34138637074305134, 1.0760072777803165, 326.64816186537075, -0.3851179607985501, 1.9912249626941048E-10, True, 302.722531422447, -122.71141193552889, 269.4516484291504
277, 0.45945945945946187, -0.3033033851610031, 1.0820721653170267, 333.8085904631352, -1.0426107553066504, 4.604316927725449E-12, True, 168.22851663687246, -288.31812509299976, 281.78716638407843
278, 0.5637065637065677, -0.2652203995789545, 1.088137052853737, 347.24152662529127, -0.3780417228708938, 2.842170943040401E-14, True, 322.7225314222713, -128.16725605810544, 259.29280727030925
279, 0.6679536679536737, -0.22713741399690612, 1.0942019403904477, 358.33840729160084, -0.3237489558245869, 0, False, 339.72253142227135, -113.99568318285161, 288.16621212632276
280, 0.6679536679536742, -0.17343801556095162, 1.1177380056576918, 356.152034569774, -0.3049252029406837, 5.684341886080802E-14, False, 339.7225314222714, -106.92461537098617, 294.36460981331595
281, 0.5212355212355264, -0.02775185736966257, 1.0352312895226277, 332.50774243309036, -0.26703854668734667, 0, False, 320.72253142227135, -87.74084918691257, 272.635853003454
282, 0.49806949806952727, 0.18574277048068444, 1.1161729064188308, 323.26942840757437, -0.1855157082844278, 4.206412995699793E-12, False, 317.72253142227447, -59.62815081470883, 293.95242929835234
283, 0.3359073359073397, 0.2518011670369815, 1.0113702069889672, 301.06160753740795, -0.16998434908730709, 2.1316282072803006E-13, False, 296.72253142227123, -50.92966600486922, 266.35185960411405
284, 0.5675675675675742, 0.22187130722260617, 1.1220765715608882, 331.298077717052, -0.1663903451783888, 2.2737367544323206E-13, False, 326.7225314222715, -54.870791501824, 295.5072033842417
285, 0.26640926640927076, 0.01161491623846067, 1.126575097494587, 299.3324690740675, -0.27942601216391905, 0, False, 287.72253142227135, -82.557083002839, 296.6919236178792
286, 0.16988416988417376, 0.061675270066283705, 1.128432016524807, 301.06279655358156, -0.34105245901697595, 3.694822225952521E-13, True, 283.72253142227106, -100.69921862656963, 275.01808199558394
287, 0.07335907335907699, 0.11173562389410674, 1.1302889355550267, 355.4505624241111, -0.7348389988842047, 1.4210854715202004E-14, True, 263.72253142227135, -238.31812509300678, 271.5923682294447
288, -0.023166023166020344, 0.16179597772192977, 1.1321458545852467, 247.9758472823529, -0.4459650163457684, 1.4210854715202004E-14, True, 223.72253142227137, -106.95910325639237, 278.37075758086826
289, -0.11969111969111712, 0.2118563315497528, 1.1340027736154665, 244.2729365818927, -0.23210618330815386, 5.684341886080802E-14, False, 237.7225314222713, -56.18955063469192, 298.64805732011996
290, -0.18146718146717833, 0.24776131468694906, 1.0095164265556023, 235.41610110286902, -0.2203780991162202, 2.842170943040401E-14, False, 229.7225314222714, -51.461628573333975, 265.8636527513588
291, -0.12741312741312405, 0.41905968353763234, 1.10126609215416, 238.48075825823366, -0.12150466806568566, 1.4210854715202004E-14, False, 236.7225314222714, -28.90527938722994, 290.0266089877175
292, -0.37451737451737255, 0.3908415410913588, 1.0159892445653664, 207.3051978219497, -0.15801414731596047, 2.842170943040401E-14, False, 204.72253142227135, -32.6210081397681, 267.5683174743909
293, -0.505791505791515, 0.3798781077994573, 1.1086238873950158, 190.78823284787433, -0.17950948301811898, 9.237055564881302E-13, False, 187.72253142226995, -34.06465895366607, 291.96433904091225
294, -0.3204633204633226, 0.2614232787007118, 1.152029418877128, 217.46909664251598, -0.23039943147320485, 1.2789769243681803E-12, False, 211.72253142227078, -49.6626387001085, 303.3955083075897
295, -0.2586872586872514, 0.12885937837876882, 1.1677721671933265, 229.7452535985228, -0.2964668961177809, 1.0800249583553523E-12, False, 219.72253142227197, -67.118482822828, 307.5414780626042
296, -0.24324324324324076, -0.3177669646585498, 1.206911158490721, 254.9885521359696, -0.5165279056718984, 2.842170943040401E-14, False, 221.72253142227135, -125.9296660048695, 317.84902226654765
297, -0.359073359073357, 0.09457351367470213, 1.277948985370836, 218.7819017821308, -0.33356998593587667, 2.842170943040401E-14, False, 206.72253142227135, -71.6332014485878, 336.55736186465106
298, -0.6216216216216204, -0.05623190915536158, 1.2163556432042528, 195.4576373199211, -0.4871240730532061, 0, False, 172.72253142227137, -91.49106582485686, 320.3362974987706
299, -0.5154440154440135, -0.18003352836398923, 1.2067672684067656, 216.37432856916934, -0.5387727073645228, 1.289919282498886E-10, True, 185.72253142235536, -111.01797775960016, 304.93540238612525
300, -0.409266409266407, -0.30383514757261676, 1.1971788936092786, 335.941833690532, -0.9451946589258935, 2.842170943040401E-14, True, 196.72253142227143, -272.3181250930068, 341.6833962292513
301, -0.3030888030888004, -0.4276367667812443, 1.187590518811792, 242.9566668604648, -0.49562118281642387, 2.842170943040401E-14, True, 213.7225314222714, -115.54488969401929, 319.07421863003384
302, -0.19691119691119363, -0.5514383859898718, 1.1780021440143047, 276.42756091885076, -0.6027046271362433, 2.842170943040401E-14, False, 227.72253142227143, -156.6992186265699, 310.2356184783938
303, -0.11196911196910897, -0.45716184698733675, 1.1840830293687494, 278.93836182037177, -0.5436519117306792, 4.263256414560601E-14, False, 238.72253142227135, -144.2850050641968, 311.8370648241565
304, -0.08397683397683064, -0.4752772092926142, 1.1830248792931461, 315.1315139098653, -0.5850368943693742, 1.7621459846850485E-12, True, 262.7225314222698, -174.0251204343732, 317.74119919252314
305, -0.05598455598455232, -0.4933925715978915, 1.181966729217543, 400, 0, 166.65131945676174, True, 400, 0, 315.7764990521067
306, -0.027992277992273995, -0.5115079339031692, 1.1809085791419398, 314.352753587588, -0.5812862642981121, 3.240074875066057E-12, True, 262.7225314222685, -172.61090687199913, 305.7699877474897
307, 4.218847493575595E-15, -0.5296232962084466, 1.1798504290663367, 313.8733629878498, -0.5731083673359842, 5.684341886080802E-14, True, 263.7225314222713, -170.19669330962827, 302.2493672000385
308, 0.02799227799228232, -0.547738658513724, 1.1787922789907337, 180.20008211682972, -1.2743129855715216, 159.85952012215762, True, 52.647038634983105, -172.33792071937845, 306.052354653619
309, 0.05598455598456087, -0.5658540208190017, 1.1777341289151304, 358.79080621261687, -0.3274858060809857, 2.842170943040401E-14, True, 339.7225314222714, -115.40989674522461, 300.15014098535835
310, 0.08397683397683942, -0.583969383124279, 1.1766759788395271, 323.58943040885055, -0.5267677876948881, 2.1316282072803006E-12, True, 279.7225314222694, -162.68197468386543, 300.1768330423599
311, 0.11196911196911752, -0.6020847454295565, 1.175617828763924, 313.6312232980058, -0.5478965885412567, 1.1368683772161603E-13, False, 267.7225314222716, -163.3682661848818, 309.60769133912004
312, 0.18146718146718555, -0.3189389758822758, 1.180355532953845, 304.09296798204554, -0.42752867843705056, 0, False, 276.72253142227135, -126.08399493742019, 310.8554009438913
313, 0.20463320463319912, -0.14579793499377014, 1.1921730995808861, 298.1819693683603, -0.3537120796653271, 1.5916157281026244E-12, False, 279.7225314222701, -103.2850050641954, 313.9676449326469
314, 0.2972972972994794, -0.011707515176440864, 1.1830233734913054, 304.02995831264633, -0.2855068227896168, 3.667821601993637E-10, False, 291.72253142255335, -85.62815081506109, 311.5579965744224
315, 0.41312741312741186, -0.10185160289124973, 1.2392485454625346, 321.84563371708924, -0.30777054350490085, 9.379164112033322E-13, False, 306.72253142227055, -97.49820849979255, 326.36531342794467
316, 0.3436293436297231, -0.08428074119758722, 1.19885766582779, 312.5680641987087, -0.30943873088814255, 5.988454176986124E-11, False, 297.7225314223199, -95.1845000008607, 315.7280751274521
317, 0.42084942084942534, 0.19571939041884123, 1.2063520896871114, 313.19918666485097, -0.18728253135703338, 2.842170943040401E-14, False, 307.7225314222713, -58.314442315719695, 317.70178734262066
318, 0.2689832689832732, 0.19314432494362355, 1.205069968502128, 299.96805510999314, -0.24892303274036032, 1.744240307743894E-10, True, 290.72253142239805, -73.90022875353405, 342.44470876317183
319, 0.11711711711712103, 0.19056925946840586, 1.2037878473171444, 256.8285339925891, -0.39831902191218166, 0, True, 236.72253142227137, -99.61595750588474, 311.67497030501465
320, -0.03474903474903124, 0.18799419399318773, 1.2025057261321608, 255.70128398459536, -0.23416941745496128, 0, False, 248.72253142227137, -59.33168625842281, 316.6888189177106
321, 0.15057915057915405, 0.23063756020227633, 1.2259068563256146, 277.96229509832415, -0.19447442689478625, 1.4210854715202004E-13, False, 272.7225314222713, -53.71646256927284, 322.851680450305
322, -0.0038610038610001896, 0.34724971726324094, 1.2024498665095147, 255.61739707114273, -0.15064153037762398, 0, False, 252.72253142227137, -38.36112350994568, 316.6741078709883
323, -0.08108108108107859, 0.16390850283192693, 1.20474859467221, 250.64094769683385, -0.2520334636211545, 7.105427357601002E-14, False, 242.72253142227126, -62.50325913367668, 317.2794950147139
324, 0.003861003861007628, 0.24744516214727152, 1.3069653204596976, 258.8971005104463, -0.20026936339660592, 1.4210854715202004E-14, False, 253.72253142227137, -51.50325913367665, 344.19902933360265
325, -0.08880308880308552, -0.004783934231877507, 1.290882284089847, 256.1379730290728, -0.3370933445977252, 1.4210854715202004E-14, False, 241.72253142227137, -84.71646256927308, 339.9634421909442
326, -0.15057915057914772, -0.04405810890501871, 1.3195217690753824, 250.41182202625967, -0.3671542811817189, 1.4210854715202004E-14, False, 233.72253142227135, -89.88803544452688, 347.5058633847738
327, -0.3050193050193023, -0.16372330496225385, 1.3232364447913496, 238.40778064273044, -0.45908604725022656, 4.263256414560601E-14, False, 213.7225314222714, -105.64539475740763, 348.484150838702
328, -0.3513513513513489, 0.026988597620305033, 1.3338468014055582, 222.78726455420932, -0.3698526043488396, 2.842170943040401E-14, False, 207.7225314222714, -80.53269638519951, 351.27846709967935
329, -0.33590733590733357, -0.12966099386286933, 1.2895109526088337, 232.84524630290656, -0.44942991349403716, 1.4210854715202004E-14, False, 209.72253142227137, -101.16011338316903, 339.6022918549174
330, -0.436293436293435, -0.34652481324919426, 1.3026077077812181, 235.63979933507014, -0.5829465349201243, 8.526512829121202E-14, False, 196.7225314222713, -129.71646256927298, 343.05141965286765
331, -0.21235521235520904, -0.46996795231703403, 1.3282094880263553, 268.80900396491074, -0.5740410395022817, 2.842170943040401E-14, False, 225.72253142227143, -145.97129656521204, 349.7938387298245
332, -0.18146718146717833, -0.47181062435484566, 1.3134844881707382, 272.30673309686114, -0.5668124718156378, 1.4210854715202004E-14, False, 229.7225314222714, -146.21393725233136, 345.9159005948951
333, -0.12079426365140422, -0.4658409804226967, 1.31276135869676, 293.20834326026875, -0.46005789699700067, 8.077449820120819E-11, True, 262.7225314224146, -130.18450000069117, 345.3107541475526
334, -0.06012134583562989, -0.45987133649054757, 1.312038229222782, 400, 0, 163.66680563624507, True, 400, 0, 348.19161195871584
335, 0.0005515719801443275, -0.45390169255839874, 1.3113150997488037, 378.96121934430937, -0.8893213893644384, 5.4143356464919634E-12, True, 238.7225314222784, -294.3181250930106, 336.02469953911424
336, 0.061224489795918435, -0.4479320486262496, 1.3105919702748254, 295.9277653532513, -0.3622506290949138, 2.842170943040401E-14, True, 276.72253142227135, -104.87079150182383, 335.09588868155913
337, 0.12189740761169254, -0.44196240469410064, 1.3098688408008472, 277.11561123645447, -0.6311904042217443, 1.3059775483270641E-11, True, 223.72253142224594, -163.52764575134066, 344.66456139789625
338, 0.18257032542746665, -0.4359927607619516, 1.3091457113268692, 329.40685661249415, -0.37328106954506945, 1.3102408047416247E-11, True, 306.722531422283, -120.12562549777175, 349.87774935525135
339, 0.24324324324324076, -0.43002311682980265, 1.3084225818528907, 317.59505875935247, -0.45900119103149095, 9.663381206337363E-13, False, 284.7225314222705, -140.71141193538898, 344.5828099505558
340, 0.11969111969112345, -0.19711495524755251, 1.2787974743172836, 290.38099257990547, -0.38867066484242463, 0, False, 268.72253142227135, -110.04236437707756, 336.78081773390466
341, -0.09652509652509411, -0.22717576973163545, 1.358280553848834, 266.3522187726252, -0.4422869259337048, 1.7053025658242404E-13, False, 240.72253142227126, -114.00073381673475, 357.7132773752841
342, 0.11196911196911574, 0.09600743423785385, 1.3429650817646757, 277.09141799485343, -0.2607827062734057, 1.4210854715202004E-14, False, 267.72253142227135, -71.44438463063094, 353.67983399110994
343, 0.2200772200772212, -0.09838981242032363, 1.3389883363124238, 297.967792210611, -0.3317316093853868, 5.115907697472721E-13, False, 281.72253142227095, -97.04236437707705, 352.6325285246646
344, 0.1891891891891937, -0.1824661778800437, 1.3882796649537867, 298.0240236612943, -0.37123599493648574, 2.842170943040401E-14, False, 277.7225314222714, -108.11343218894302, 365.6137662111805
345, -0.09652509652509411, -0.22717576973163545, 1.3315862476871432, 266.3522187726252, -0.4422869259337048, 1.7053025658242404E-13, False, 240.72253142227126, -114.00073381673475, 350.68313347953307
346, 0.04247104247104594, 0.016919378747198843, 1.4921862796243495, 271.36355386026304, -0.3064296838891532, 1.4210854715202004E-14, False, 258.72253142227135, -81.8585981930041, 392.97834532516106
347, 0.23552123552124016, 0.07789686639941751, 1.4389323284807047, 293.1709737371435, -0.2545704326212691, 2.842170943040401E-14, False, 283.7225314222714, -73.82916094148116, 378.95352155602353
348, -0.08880308880308574, -0.03700357329345039, 1.3290184815439503, 257.5723281903016, -0.3526385944272058, 1.4210854715202004E-14, False, 241.72253142227135, -88.95910325639235, 350.00689318439515
349, -0.08011583011583334, -0.049268568211954245, 1.3400615079294862, 253.68657437606572, -0.3210728082694508, 0, True, 240.72253142227137, -80.05960831978068, 372.9296564024855
350, -0.07142857142858083, -0.06153356313045799, 1.3511045343150225, 320.23156201067746, -0.8973525641558336, 1.4210854715202004E-14, True, 199.72253142227137, -250.31812509300678, 367.3527994281971
351, -0.06274131274132844, -0.07379855804896185, 1.3621475607005586, 247.1048436853577, -0.5258327007638384, 2.842170943040401E-14, True, 213.72253142227135, -124.03017106825783, 374.30242568721246
352, -0.05405405405407593, -0.0860635529674657, 1.3731905870860945, 257.42154636264155, -0.41353428535457876, 1.4210854715202004E-14, True, 235.72253142227137, -103.44438463063089, 382.0034178997853
353, -0.04536679536682353, -0.09832854788596956, 1.3842336134716309, 248.51654712955227, -0.47747017970816413, 0, True, 220.72253142227137, -114.20174394351164, 368.24978662857615
354, -0.036679536679571134, -0.11059354280447331, 1.395276639857167, 270.4318872580515, -2.22086596881024, 133.8183766642991, True, -163.6766944310617, -215.27504580436707, 389.0677387608371
355, -0.027992277992318626, -0.12285853772297706, 1.406319666242703, 12.059776421865365, -0.7257953127325171, 285.61446382419723, True, 9.020372499852336, -8.004441723773589, 363.6279553539329
356, -0.01930501930506623, -0.13512353264148103, 1.417362692628239, 390.37506839030664, 0, 152.5542466615972, True, 390.37506839030664, 0, 364.54708103002235
357, -0.010617760617813943, -0.14738852755998466, 1.4284057190137753, 273.25777705106754, -0.5082107017300903, 1.4210854715202004E-14, True, 238.7225314222714, -132.97129656521207, 390.9852497419831
358, -0.0019305019305614346, -0.15965352247848863, 1.4394487453993114, 15.640596710879734, 2.6610357463571876, 279.02541423962305, True, -13.869105457131047, 7.230226780078188, 376.9498748404203
359, 0.0067567567566910736, -0.17191851739699238, 1.4504917717848473, 316.3059442170318, -0.5675096509953711, 2.842170943040401E-14, True, 266.72253142227135, -170.02512043437443, 375.09603660802134
360, 0.015444015443943249, -0.18418351231549623, 1.4615347981703837, 334.24139593494976, -0.33443978794331547, 5.684341886080802E-14, True, 315.72253142227135, -109.7114119353896, 384.3706460981481
361, 0.024131274131195868, -0.19644850723399998, 1.4725778245559198, 317.8852575840814, -0.33967231755506977, 7.261746759468224E-11, True, 299.72253142233245, -105.91242206222421, 367.8328816055804
362, 0.03281853281844849, -0.20871350215250384, 1.4836208509414557, 386.19325411726123, -0.7645155635595152, 2.842170943040401E-14, True, 278.7225314222714, -267.3181250930068, 381.84024907581556
363, 0.04150579150570066, -0.2209784970710077, 1.494663877326992, 273.3722277235761, -0.4937392921597788, 2.8421709430404007E-13, True, 240.7225314222712, -129.55708300283857, 378.3229883568283
364, 0.05019305019295306, -0.23324349198951144, 1.5057069037125281, 283.96262058179207, -0.4161888587733026, 7.929656931082718E-12, False, 259.7225314222583, -114.79972368996728, 396.53910215189825
365, 0.18146718146718022, 0.0032574147334600845, 1.5038668262896173, 289.09159696851793, -0.29358000726886224, 9.237055564881302E-13, False, 276.72253142227066, -83.6575880662264, 396.0545040887746
366, 0.07335907335907876, -0.25342028547038753, 1.5582918255526887, 287.7832104521957, -0.42041852283553155, 2.8421709430404007E-13, False, 262.7225314222716, -117.45657793945088, 410.3877320823393
367, -0.01930501930507922, -0.08679407404911876, 1.5065937772401634, 268.30018527403837, -0.363986295659801, 5.5564441936439835E-12, False, 250.72253142226316, -95.51545244250052, 396.77266688584723
368, -0.1969111969111943, -0.1218431985022338, 1.5105530399497489, 248.76435359582365, -0.4142594771102599, 1.4210854715202004E-14, False, 227.72253142227135, -100.13067613164615, 397.8153681420954
369, -0.38996138996138763, -0.18282068615445168, 1.5785340618531964, 229.7717016373291, -0.4901164226313518, 1.4210854715202004E-14, False, 202.7225314222714, -108.16011338316898, 415.7186754341687
370, -0.32818532818532553, -0.33686434585074787, 1.5172664128301916, 246.78319471177855, -0.5474066746238166, 1.4210854715202004E-14, False, 210.7225314222714, -128.44438463063088, 399.583384777908
371, -0.2496782496782468, -0.2918758603935935, 1.5354006725627725, 249.91624249081497, -0.42461986783581385, 0, True, 227.72253142227137, -102.95910325639232, 395.64137869888066
372, -0.1711711711711683, -0.24688737493643909, 1.5535349322953533, 16.19582947068109, -0.760795312732517, 293.8732170314605, True, 11.730442887927877, -11.166987144993247, 416.6529896411299
373, -0.09266409266408959, -0.2018988894792848, 1.571669192027934, 328.81860354066526, 17.633737580505148, 3.126388037344441E-13, True, 114.28739113990838, -308.3181250930065, 421.31878129628325
374, -0.014157014157010872, -0.1569104040221304, 1.5898034517605149, 320.54758151613055, -1.1556400715856763, 2.842170943040401E-14, True, 129.28739113990812, -293.31812509300676, 432.2746404660153
375, 0.06435006435006763, -0.11192191856497613, 1.6079377114930957, 295.262207224983, -0.4020126885962075, 5.684341886080802E-14, True, 271.7225314222713, -115.52764575131614, 417.446528690773
376, 0.14285714285714635, -0.06693343310782174, 1.6260719712256764, 287.164737711564, -0.3294350216848437, 5.684341886080802E-14, False, 271.7225314222713, -92.90022875334661, 428.2381371263896
377, -0.05019305019304676, -0.1493906801344218, 1.6702495819658743, 267.6522919784318, -0.39809175139489655, 0, False, 246.72253142227137, -103.75809312961566, 439.8726392030824
378, -0.18146718146717833, -0.1173945946775441, 1.6061935550408744, 250.3629894917596, -0.40890218284455, 2.842170943040401E-14, False, 229.7225314222714, -99.54488969401926, 423.00300850561507
379, -0.38996138996138796, -0.19356056584164305, 1.660206641684562, 230.44079038187306, -0.4955309835452194, 1.4210854715202004E-14, False, 202.72253142227135, -109.57432694554213, 437.22775624990106
380, -0.15057915057914772, -0.33403486045917463, 1.674449778827286, 266.5119285638641, -0.5012796026166115, 1.4210854715202004E-14, False, 233.72253142227135, -128.07180162860044, 440.9787922586198
381, -0.1341698841698813, -0.3494454933089247, 1.6497772741230674, 274.75106701237246, -0.5604227208686208, 0, True, 232.72253142227137, -146.04236437707755, 417.56754099162254
382, -0.11776061776061453, -0.3648561261586748, 1.6251047694188487, 288.2906883424455, -1.2813417121146444, 39.14509503069716, True, 82.28668734141844, -276.2977055122548, 420.4842824617844
383, -0.10135135135134787, -0.38026675900842466, 1.6004322647146303, 271.61819715028776, -1.2814091365513005, 48.468190111051456, True, 77.51031331760522, -260.3240218508066, 442.79060163746226
384, -0.08494208494208144, -0.39567739185817463, 1.5757597600104116, 315.06096377461205, -1.1718389368996875, 2.8421709430404007E-13, True, 122.38789620329635, -290.3181250930065, 444.16215731979787
385, -0.0685328185328149, -0.4110880247079247, 1.551087255306193, 300.1475790219655, -0.4062144425425302, 0, True, 275.72253142227135, -118.59871356318162, 436.0293942127785
386, -0.052123552123548245, -0.4264986575576748, 1.5264147506019745, 269.2720232501857, -0.39320708267011867, 0, True, 248.72253142227137, -103.17230669198878, 444.75289563555225
387, -0.03571428571428159, -0.4419092904074249, 1.5017422458977558, -13.074825039225232, 39997.86421703804, 250.02479585955163, True, -8.194366569666622, 10.1883956699905, 443.2842900422798
388, -0.019305019305015048, -0.45731992325717474, 1.4770697411935372, 400.0073218264398, -1.5790939935344372, 117.01492563341041, True, -3.3190893623312188, -399.99355139872677, 465.302270029772
389, -0.0028957528957487266, -0.4727305561069248, 1.4523972364893187, -287.87062602196727, 0.48756345027920084, 2.4158453015843406E-13, True, -254.3270602968535, -134.86008945214292, 437.5197318202901
390, 0.01351351351351826, -0.4881411889566748, 1.4277247317851, 313.04166569308984, -1.1926921084498892, 0.4971072756318904, True, 115.56222920129889, -290.93032781394703, 434.6777951637717
391, 0.02992277992278458, -0.5035518218064249, 1.4030522270808816, 305.74487184475635, -0.5432831125598023, 2.842170943040401E-14, True, 261.72253142227135, -158.05455768589738, 414.1634976248156
392, 0.046332046332051124, -0.518962454656175, 1.378379722376663, -125.63073712086197, 0.09724872601957424, 246.13839529870305, True, -125.03714045211645, -12.198180892609763, 395.3307988277409
393, 0.06274131274131767, -0.5343730875059248, 1.3537072176724443, 305.39631880375896, -0.7243402445926101, 1.4210854715202004E-14, True, 228.7225314222714, -202.368266184882, 369.78996047941894
394, 0.07915057915058443, -0.5497837203556748, 1.3290347129682258, 395.696577102112, -1.6161472364879428, 2.842170943040401E-14, True, -17.939049036181625, -395.28973127315754, 355.9096455159728
395, 0.09555984555985098, -0.5651943532054249, 1.3043622082640072, 274.17828834329305, -0.6288914279132853, 2.5579538487363607E-13, True, 221.7225314222712, -161.28500506419655, 344.1999926163578
396, 0.11196911196911752, -0.580604986055175, 1.2796897035597885, 312.1672528575082, -0.5401621710340104, 1.1368683772161603E-13, False, 267.7225314222716, -160.53983906013568, 337.0157929351634
397, -0.1351351351351342, -0.6732624066245936, 1.1827563148642988, 292.2405050603683, -0.6324112500031521, 3.410605131648481E-13, False, 235.7225314222711, -172.7408491869123, 311.48766470046075
398, -0.1351351351351342, -0.6732624066245936, 1.1827563148642988, 320.7045254690175, -0.6107740993339805, 2.2566837287740782E-11, True, 262.7225314222916, -183.92461537100115, 304.4510580792121
399, -0.1351351351351342, -0.6732624066245936, 1.1827563148642988, 418.4655223619246, -0.898167672498999, 8.526512829121202E-14, True, 260.72253142227123, -327.31812509300676, 272.15355035786683
